text,sentiment
"Just finished my morning run and feeling fantastic! The weather is perfect today. 🏃‍♂️☀️","Positive"
"My flight was delayed for 3 hours and the customer service was absolutely horrible. 😡","Negative"
"I bought this new coffee maker and it's just okay. Nothing special but it works.","Neutral"
"The new software update completely broke my phone. Nothing works anymore!","Negative"
"So excited for the upcoming concert! The band hasn't toured in 5 years! 🎉","Positive"
"Traffic is moving at a normal speed on the highway today.","Neutral"
"This restaurant has the most amazing food I've ever tasted. Highly recommend the pasta! 🍝","Positive"
"I've been waiting on hold for 45 minutes. This company does not care about its customers.","Negative"
"Just read an interesting article about quantum physics. The universe is fascinating.","Neutral"
"The packaging was damaged when it arrived, and the product itself feels very cheap.","Negative"
"Grateful for my friends and family. Had a wonderful weekend celebrating my birthday.","Positive"
"I honestly don't have any strong feelings about the new policy changes.","Neutral"
"The battery life on this laptop is completely unacceptable. It dies after 2 hours.","Negative"
"Wow, what an incredible performance by the actors tonight! A true masterpiece. 🎭","Positive"
"The meeting has been rescheduled to next Tuesday at 10 AM.","Neutral"
"I lost my wallet today and had to cancel all my cards. Worst day ever. 😭","Negative"
"This is by far the best book I have read all year. I couldn't put it down! 📚","Positive"
"The store is located downtown, right next to the library.","Neutral"
"My order is missing 3 items and nobody is replying to my emails. Total scam.","Negative"
"Feeling very productive today! Got all my tasks done ahead of schedule. ✅","Positive"
"The movie was an average action flick. The plot was predictable but the CGI was decent.","Neutral"
"The instructions were confusing and impossible to follow. I ended up breaking the part.","Negative"
"I absolutely love the new design of the application! It's so clean and intuitive. 😍","Positive"
"The train arrived exactly on time as scheduled.","Neutral"
"Food was cold and flavorless. I will never eat at this place again.","Negative"
"Had an amazing time hiking in the mountains today. Nature is so beautiful! ⛰️","Positive"
"The color of the shirt is slightly darker than it appeared in the picture.","Neutral"
"Absolutely furious with my internet provider. The connection drops every 5 minutes!","Negative"
"The customer support representative went above and beyond to help me out today. 👏","Positive"
"This brand is overpriced for the quality they provide. Save your money.","Negative"
